name,short_description,release_date,developer,publisher,overall_player_rating,number_of_reviews_from_purchased_people,number_of_english_reviews
Black Myth: Wukong,"Black Myth: Wukong is an action RPG rooted in Chinese mythology. You shall set out as the Destined One to venture into the challenges and marvels ahead, to uncover the obscured truth beneath the veil of a glorious legend from the past.","19 Aug, 2024",Game Science,Game Science,Overwhelmingly Positive,"-654,820","51,931"
Counter-Strike 2,"For over two decades, Counter-Strike has offered an elite competitive experience, one shaped by millions of players from across the globe. And now the next chapter in the CS story is about to begin. This is Counter-Strike 2.","21 Aug, 2012",Valve,Valve,Very Positive,"-8,313,603","2,258,990"
"Warhammer 40,000: Space Marine 2",Embody the superhuman skill and brutality of a Space Marine. Unleash deadly abilities and devastating weaponry to obliterate the relentless Tyranid swarms. Defend the Imperium in spectacular third-person action in solo or multiplayer modes.,"9 Sep, 2024",Saber Interactive,Focus Entertainment,Very Positive,"(81% of 62,791)¬†All Time","51,920"
Cyberpunk 2077,"Cyberpunk 2077 is an open-world, action-adventure RPG set in the dark future of Night City ‚Äî a dangerous megalopolis obsessed with power, glamor, and ceaseless body modification.","10 Dec, 2020",CD PROJEKT RED,CD PROJEKT RED,Very Positive,"-680,264","324,124"
ELDEN RING,"THE CRITICALLY ACCLAIMED FANTASY ACTION RPG. Rise, Tarnished, and be guided by grace to brandish the power of the Elden Ring and become an Elden Lord in the Lands Between.","25 Feb, 2022","FromSoftware, Inc.","FromSoftware, Inc., Bandai Namco Entertainment",Very Positive,"-705,261","491,741"
PUBG: BATTLEGROUNDS,"Play PUBG: BATTLEGROUNDS for free. Land on strategic locations, loot weapons and supplies, and survive to become the last team standing across various, diverse Battlegrounds. Squad up and join the Battlegrounds for the original Battle Royale experience that only¬†PUBG: BATTLEGROUNDS can offer.","21 Dec, 2017",PUBG Corporation,"KRAFTON, Inc.",Mixed,"-2,432,683","417,109"
Apex Legends‚Ñ¢,"Apex Legends is the award-winning, free-to-play Hero Shooter from Respawn Entertainment. Master an ever-growing roster of legendary characters with powerful abilities, and experience strategic squad play and innovative gameplay in the next evolution of Hero Shooter and Battle Royale.","4 Nov, 2020",Respawn,Electronic Arts,Mixed,"-948,818","406,269"
Dota 2,"Every day, millions of players worldwide enter battle as one of over a hundred Dota heroes. And no matter if its their 10th hour of play or 1,000th, theres always something new to discover. With regular updates that ensure a constant evolution of gameplay, features, and heroes, Dota 2 has taken on a life of its own.","9 Jul, 2013",Valve,Valve,Very Positive,"-2,322,723","731,670"
Party Animals,"Fight your friends as puppies, kittens and other fuzzy creatures in PARTY ANIMALS! Paw it out with your friends remotely, or huddle together for chaotic fun on the same screen. Interact with the world under our realistic physics engine. Did I mention PUPPIES?","20 Sep, 2023",Recreate Games,Source Technology,Mostly Positive,"-38,225","16,141"
Total War: WARHAMMER III,"The cataclysmic conclusion to the Total War: WARHAMMER trilogy is here. Rally your forces and step into the Realm of Chaos, a dimension of mind-bending horror where the very fate of the world will be decided. Will you conquer your Daemons‚Ä¶ or command them?","16 Feb, 2022","CREATIVE ASSEMBLY, Feral Interactive","SEGA, Feral Interactive",Mixed,"-75,474","61,292"
Cyberpunk 2077: Phantom Liberty,,"26 Sep, 2023",CD PROJEKT RED,CD PROJEKT RED,Very Positive,"-15,726","7,969"
Once Human,"Once Human is a multiplayer open-world survival game set in a strange, post-apocalyptic future. Unite with friends to fight monstrous enemies, uncover secret plots, compete for resources, and build your own territory. Once, you were merely human. Now, you have the power to remake the world.","9 Jul, 2024",Starry Studio,Starry Studio,Mostly Positive,"-89,006","44,785"
NARAKA: BLADEPOINT,"Dive into the legends of the Far East in NARAKA: BLADEPOINT; team up with friends in fast-paced melee fights for a Battle Royale experience unlike any other. Find your playstyle with a varied cast of heroes with unique skills. More than 20 million players have already joined the fray, play free now!","11 Aug, 2021",24 Entertainment,NetEase Games Global,Mostly Positive,"-253,231","20,468"
Warframe,Awaken as an unstoppable warrior and battle alongside your friends in this story-driven free-to-play online action game,"25 Mar, 2013",Digital Extremes,Digital Extremes,Very Positive,"-591,568","253,397"
Grounded,"The world is a vast, beautiful and dangerous place ‚Äì especially when you have been shrunk to the size of an ant. Can you thrive alongside the hordes of giant insects, fighting to survive the perils of the backyard?","27 Sep, 2022",Obsidian Entertainment,Xbox Game Studios,Very Positive,"-58,988","41,223"
Tom Clancys Rainbow Six¬Æ Siege,"Tom Clancys Rainbow Six¬Æ Siege is an elite, tactical team-based shooter where superior planning and execution triumph.","1 Dec, 2015",Ubisoft Montreal,Ubisoft,Very Positive,"-1,121,920","646,088"
Grand Theft Auto V,"Grand Theft Auto V for PC offers players the option to explore the award-winning world of Los Santos and Blaine County in resolutions of up to 4k and beyond, as well as the chance to experience the game running at 60 frames per second.","14 Apr, 2015",Rockstar North,Rockstar Games,Very Positive,"-1,714,757","591,334"
Call of Duty¬Æ: Black Ops III,Call of Duty¬Æ: Black Ops III Zombies Chronicles Edition includes the full base game plus the Zombies Chronicles content expansion.,"6 Nov, 2015","Treyarch, Aspyr (Mac)","Activision, Aspyr (Mac)",Very Positive,"-132,408","145,713"
Like a Dragon: Infinite Wealth,"Two larger-than-life heroes, Ichiban Kasuga and Kazuma Kiryu are brought together by the hand of fate, or perhaps something more sinister‚Ä¶ Live it up in Japan and explore all that Hawaii has to offer in an RPG adventure so big it spans the Pacific.","25 Jan, 2024",Ryu Ga Gotoku Studio,SEGA,Very Positive,"-8,978","6,052"
Dead by Daylight,"Dead by Daylight is a multiplayer (4vs1) horror game where one player takes on the role of the savage Killer, and the other four players play as Survivors, trying to escape the Killer and avoid being caught and killed.","14 Jun, 2016",Behaviour Interactive Inc.,Behaviour Interactive Inc.,Very Positive,"-540,378","294,987"
Call of Duty¬Æ,"Call of Duty¬Æ HQ supports Call of Duty¬Æ: Black Ops 6, Call of Duty¬Æ: Modern Warfare¬Æ III, Call of Duty¬Æ: Modern Warfare¬Æ II and Call of Duty¬Æ: Warzone‚Ñ¢.","28 Oct, 2022","Sledgehammer Games, Treyarch, Infinity Ward, Beenox, Raven Software, High Moon Studios, Demonware",Activision,Mixed,"-333,296","299,267"
Street Fighter‚Ñ¢ 6,"Here comes Capcom‚Äôs newest challenger! Street Fighter‚Ñ¢ 6 launches worldwide on June 2nd, 2023 and represents the next evolution of the Street Fighter‚Ñ¢ series! Street Fighter 6 spans three distinct game modes, including World Tour, Fighting Ground and Battle Hub.","1 Jun, 2023","CAPCOM Co., Ltd.","CAPCOM Co., Ltd.",Very Positive,"-29,249","22,350"
The First Descendant,The First Descendant is a third-person looter shooter powered by Unreal Engine 5. Become a Descendant. Fight for the survival of humanity. Descendants have unique abilities to tackle both solo and co-op missions. Up to 4 players use varied mechanics to defeat giant bosses. BE THE FIRST DESCENDANT!,"30 Jun, 2024","NEXON Games Co., Ltd.",NEXON,Mixed,"-86,455","40,551"
Call of Duty¬Æ: Modern Warfare¬Æ III - BlackCell (Season 6),,"18 Sep, 2024","Sledgehammer Games, Treyarch, Infinity Ward, Beenox, Raven Software, High Moon Studios, Demonware",Activision,Mixed,(62% of 62)¬†All Time,19
The Crew‚Ñ¢ 2,"Take on the American motorsports scene as you explore and dominate the land, air, and sea across the entire USA. With a wide variety of cars, bikes, boats, and planes, compete in a wide range of driving disciplines.","28 Jun, 2018",Ivory Tower,Ubisoft,Mostly Positive,"-71,364","25,914"
Battlefield‚Ñ¢ V,"This is the ultimate Battlefield V experience. Enter mankind‚Äôs greatest conflict with the complete arsenal of weapons, vehicles, and gadgets plus the best customization content of Year 1 and 2.","9 Nov, 2018",DICE,Electronic Arts,Mostly Positive,"-196,885","34,879"
Sea of Thieves: 2024 Edition,"Sea of Thieves is a smash-hit pirate adventure game, offering the quintessential pirate experience of plundering lost treasures, intense battles, vanquishing sea monsters and more. Dive in with this revised edition of the game, which includes access to digital bonus media.","3 Jun, 2020",Rare Ltd,Xbox Game Studios,Very Positive,"-293,132","149,839"
Halo: The Master Chief Collection,"The Master Chief‚Äôs iconic journey includes six games, built for PC and collected in a single integrated experience. Whether you‚Äôre a long-time fan or meeting Spartan 117 for the first time, The Master Chief Collection is the definitive Halo gaming experience.","3 Dec, 2019","343 Industries, Splash Damage, Ruffian Games, Bungie, Saber Interactive",Xbox Game Studios,Very Positive,"-210,760","159,652"
Call of Duty¬Æ: Modern Warfare¬Æ III,"In the direct sequel to the record-breaking Call of Duty¬Æ: Modern Warfare¬Æ II, Captain Price and Task Force 141 face off against the ultimate threat.","10 Nov, 2023","Sledgehammer Games, Treyarch, Infinity Ward, Beenox, Raven Software, High Moon Studios, Demonware",Activision,Mostly Negative,"-10,974","6,927"
The Witcher 3: Wild Hunt,"You are Geralt of Rivia, mercenary monster slayer. Before you stands a war-torn, monster-infested continent you can explore at will. Your current contract? Tracking down Ciri ‚Äî the Child of Prophecy, a living weapon that can alter the shape of the world.","18 May, 2015",CD PROJEKT RED,CD PROJEKT RED,Overwhelmingly Positive,"-726,659","229,117"
LOCKDOWN Protocol,"A first person social deduction game, combining real time action and communication, 3 to 8 players. While most players will do their best to complete objectives and ensure victory, a small portion of dissidents will try to stop them at all costs, without getting caught.","22 Jul, 2024",Mirage Creative Lab,Mirage Creative Lab,Very Positive,"-3,459","2,632"
Call of Duty¬Æ: Warzone‚Ñ¢,"Welcome to Call of Duty¬Æ: Warzone‚Ñ¢, the massive free-to-play combat arena which now features Urzikstan, Rebirth Island and Fortune‚Äôs Keep.","16 Nov, 2022","Infinity Ward, Raven Software, Beenox, Treyarch, High Moon Studios, Sledgehammer Games, Activision Shanghai, Demonware, Toys for Bob",Activision,Mostly Negative,"-37,789","15,528"
Rust,"The only aim in Rust is to survive. Everything wants you to die - the island‚Äôs wildlife and other inhabitants, the environment, other survivors. Do whatever it takes to last another night.","8 Feb, 2018",Facepunch Studios,Facepunch Studios,Very Positive,"-913,328","550,141"
Noita,"Noita is a magical action roguelite set in a world where every pixel is physically simulated. Fight, explore, melt, burn, freeze and evaporate your way through the procedurally generated world using spells youve created yourself.","15 Oct, 2020",Nolla Games,Nolla Games,Overwhelmingly Positive,"-63,810","42,592"
Dead Rising Deluxe Remaster,Dead Rising returns with modern graphics in this Deluxe Remaster!,"19 Sep, 2024","CAPCOM Co., Ltd.","CAPCOM Co., Ltd.",Very Positive,"(81% of 1,338)¬†All Time","1,386"
ELDEN RING Shadow of the Erdtree,,"21 Jun, 2024","FromSoftware, Inc.","FromSoftware, Inc., Bandai Namco Entertainment",Mostly Positive,"-78,436","47,928"
Diablo¬Æ IV,"Join the fight for Sanctuary in Diablo¬Æ IV, the ultimate action RPG adventure. Experience the critically acclaimed campaign and new seasonal content.","17 Oct, 2023","Blizzard Entertainment, Inc.","Blizzard Entertainment, Inc.",Mostly Positive,"-23,757","11,876"
FINAL FANTASY XIV Online,"Join over 30 million adventurers worldwide and take part in an epic and ever-changing FINAL FANTASY. Experience an unforgettable story, exhilarating battles, and a myriad of captivating environments to explore.","18 Feb, 2014",Square Enix,Square Enix,Very Positive,"-70,358","59,794"
Wallpaper Engine,Use stunning live wallpapers on your desktop. Animate your own images to create new wallpapers or import videos/websites and share them on the Steam Workshop!,18-Nov,Wallpaper Engine Team,Wallpaper Engine Team,Overwhelmingly Positive,"-760,648","210,537"
Destiny 2,"Destiny 2 is an action MMO with a single evolving world that you and your friends can join anytime, anywhere, absolutely free.","1 Oct, 2019",Bungie,Bungie,Very Positive,"-611,858","356,622"
Team Fortress 2,"Nine distinct classes provide a broad range of tactical abilities and personalities. Constantly updated with new game modes, maps, equipment and, most importantly, hats!","10 Oct, 2007",Valve,Valve,Very Positive,"-1,118,530","683,340"
The Elder Scrolls¬Æ Online,"Join over 22 million players in the award-winning online multiplayer RPG and experience limitless adventure in a persistent Elder Scrolls world. Battle, craft, steal, or explore, and combine different types of equipment and abilities to create your own style of play. No game subscription required.","4 Apr, 2014",ZeniMax Online Studios,Bethesda Softworks,Very Positive,"-122,819","79,932"
Red Dead Redemption 2,"Winner of over 175 Game of the Year Awards and recipient of over 250 perfect scores, RDR2 is the epic tale of outlaw Arthur Morgan and the infamous Van der Linde gang, on the run across America at the dawn of the modern age. Also includes access to the shared living world of Red Dead Online.","5 Dec, 2019",Rockstar Games,Rockstar Games,Very Positive,"-571,694","219,251"
Black Desert,"Played by over 20 million Adventurers - Black Desert Online is an open-world, action MMORPG. Experience intense, action-packed combat, battle massive world bosses, fight alongside friends to siege and conquer castles, and train in professions such as fishing, trading, crafting, cooking, and more!","16 May, 2018",Pearl Abyss,Pearl Abyss,Mostly Positive,"-56,440","46,936"
Call of Duty¬Æ: Black Ops II,"Pushing the boundaries of what fans have come to expect from the record-setting entertainment franchise, Call of Duty¬Æ: Black Ops II propels players into a near future Cold War","12 Nov, 2012",Treyarch,Activision,Very Positive,"-19,930","21,097"
Risk of Rain 2,"Escape a chaotic alien planet by fighting through hordes of frenzied monsters ‚Äì with your friends, or on your own. Combine loot in surprising ways and master each character until you become the havoc you feared upon your first crash landing.","11 Aug, 2020",Hopoo Games,Gearbox Publishing,Very Positive,"-198,844","202,234"
Terraria,"Dig, fight, explore, build! Nothing is impossible in this action-packed adventure game. Four Pack also available!","16 May, 2011",Re-Logic,Re-Logic,Overwhelmingly Positive,"-1,061,260","657,354"
Left 4 Dead 2,"Set in the zombie apocalypse, Left 4 Dead 2 (L4D2) is the highly anticipated sequel to the award-winning Left 4 Dead, the #1 co-op game of 2008. This co-operative action horror FPS takes you and your friends through the cities, swamps and cemeteries of the Deep South, from Savannah to New Orleans across five expansive campaigns.","16 Nov, 2009",Valve,Valve,Overwhelmingly Positive,"-670,096","273,964"
The Forest,"As the lone survivor of a passenger jet crash, you find yourself in a mysterious forest battling to stay alive against a society of cannibalistic mutants. Build, explore, survive in this terrifying first person survival horror simulator.","30 Apr, 2018",Endnight Games Ltd,Endnight Games Ltd,Overwhelmingly Positive,"-472,878","188,898"
Among Us,An online and local party game of teamwork and betrayal for 4-15 players...in space!,"16 Nov, 2018",Innersloth,Innersloth,Very Positive,"-606,700","406,705"
Portal 2,The Perpetual Testing Initiative has been expanded to allow you to design co-op puzzles for you and your friends!,"18 Apr, 2011",Valve,Valve,Overwhelmingly Positive,"-335,633","184,371"
Sekiro‚Ñ¢: Shadows Die Twice - GOTY Edition,"Game of the Year - The Game Awards 2019 Best Action Game of 2019 - IGN Carve your own clever path to vengeance in the award winning adventure from developer FromSoftware, creators of Bloodborne and the Dark Souls series. Take Revenge. Restore Your Honor. Kill Ingeniously.","21 Mar, 2019","FromSoftware, Inc.","Activision (Excluding Japan and Asia), FromSoftware, Inc. (Japan), ÊñπÂùóÊ∏∏Êàè (Asia)",Overwhelmingly Positive,"-217,669","84,656"
PAYDAY 2,"PAYDAY 2 is an action-packed, four-player co-op shooter that once again lets gamers don the masks of the original PAYDAY crew - Dallas, Hoxton, Wolf and Chains - as they descend on Washington DC for an epic crime spree.","13 Aug, 2013",OVERKILL - a Starbreeze Studio.,Starbreeze Publishing AB,Very Positive,"-431,019","261,457"
Hades,"Defy the god of the dead as you hack and slash out of the Underworld in this rogue-like dungeon crawler from the creators of Bastion, Transistor, and Pyre.","17 Sep, 2020",Supergiant Games,Supergiant Games,Overwhelmingly Positive,"-247,249","135,792"
Dying Light,"First-person action survival game set in a post-apocalyptic open world overrun by flesh-hungry zombies. Roam a city devastated by a mysterious virus epidemic. Scavenge for supplies, craft weapons, and face hordes of the infected.","26 Jan, 2015",Techland,Techland,Overwhelmingly Positive,"-315,018","115,682"
Hollow Knight,"Forge your own path in Hollow Knight! An epic action adventure through a vast ruined kingdom of insects and heroes. Explore twisting caverns, battle tainted creatures and befriend bizarre bugs, all in a classic, hand-drawn 2D style.","24 Feb, 2017",Team Cherry,Team Cherry,Overwhelmingly Positive,"-329,268","136,283"
Unturned,"Youre a survivor in the zombie infested ruins of society, and must work with your friends and forge alliances to remain among the living.","7 Jul, 2017",Smartly Dressed Games,Smartly Dressed Games,Very Positive,"-546,080","215,843"
Deep Rock Galactic,"Deep Rock Galactic is a 1-4 player co-op FPS featuring badass space Dwarves, 100% destructible environments, procedurally-generated caves, and endless hordes of alien monsters.","13 May, 2020",Ghost Ship Games,Coffee Stain Publishing,Overwhelmingly Positive,"-247,390","187,273"
Valheim,"A brutal exploration and survival game for 1-10 players, set in a procedurally-generated purgatory inspired by viking culture. Battle, build, and conquer your way to a saga worthy of Odin‚Äôs patronage!","2 Feb, 2021",Iron Gate AB,Coffee Stain Publishing,Very Positive,"-397,845","271,721"
Titanfall¬Æ 2,"Respawn Entertainment gives you the most advanced titan technology in its new, single player campaign & multiplayer experience. Combine & conquer with new titans & pilots, deadlier weapons, & customization and progression systems that help you and your titan flow as one unstoppable killing force.","28 Oct, 2016",Respawn Entertainment,Electronic Arts,Overwhelmingly Positive,"-206,259","89,718"
Borderlands 2,The Ultimate Vault Hunter‚Äôs Upgrade lets you get the most out of the Borderlands 2 experience.,"21 Sep, 2012","Gearbox Software, Aspyr (Mac), Aspyr (Linux)","2K, Aspyr (Mac), Aspyr (Linux)",Overwhelmingly Positive,"-191,558","159,122"
ARK: Survival Evolved,"Stranded on the shores of a mysterious island, you must learn to survive. Use your cunning to kill or tame the primeval creatures roaming the land, and encounter other players to survive, dominate... and escape!","27 Aug, 2017","Studio Wildcard, Instinct Games, Efecto Studios, Virtual Basement LLC","Studio Wildcard, Snail Games USA",Very Positive,"-527,988","310,038"
Vampire Survivors,"Mow down thousands of night creatures and survive until dawn! Vampire Survivors is a gothic horror casual game with rogue-lite elements, where your choices can allow you to quickly snowball against the hundreds of monsters that get thrown at you.","20 Oct, 2022",poncle,poncle,Overwhelmingly Positive,"-223,533","120,230"
Devil May Cry 5,"The ultimate Devil Hunter is back in style, in the game action fans have been waiting for.","8 Mar, 2019","CAPCOM Co., Ltd.","CAPCOM Co., Ltd.",Overwhelmingly Positive,"-86,656","39,742"
Monster Hunter: World,"Welcome to a new world! In Monster Hunter: World, the latest installment in the series, you can enjoy the ultimate hunting experience, using everything at your disposal to hunt monsters in a new world teeming with surprises and excitement.","8 Aug, 2018","CAPCOM Co., Ltd.","CAPCOM Co., Ltd.",Very Positive,"-275,839","153,309"
Half-Life 2,"1998. HALF-LIFE sends a shock through the game industry with its combination of pounding action and continuous, immersive storytelling. Valves debut title wins more than 50 game-of-the-year awards on its way to being named Best PC Game Ever by PC Gamer, and launches a franchise with more than eight million retail units sold...","16 Nov, 2004",Valve,Valve,Overwhelmingly Positive,"-159,064","91,844"
Tomb Raider,Tomb Raider explores the intense origin story of Lara Croft and her ascent from a young woman to a hardened survivor.,"5 Mar, 2013","Crystal Dynamics, Eidos-Montr√©al, Feral Interactive (Mac), Nixxes","Crystal Dynamics, Feral Interactive (Mac)",Overwhelmingly Positive,"-146,141","70,527"
Resident Evil 4,"Survival is just the beginning. Six years have passed since the biological disaster in Raccoon City. Leon S. Kennedy, one of the survivors, tracks the presidents kidnapped daughter to a secluded European village, where there is something terribly wrong with the locals.","24 Mar, 2023","CAPCOM Co., Ltd.","CAPCOM Co., Ltd.",Overwhelmingly Positive,"-93,344","57,896"
Satisfactory,"Satisfactory is a first-person open-world factory building game with a dash of exploration and combat. Play alone or with friends, explore an alien planet, create multi-story factories, and enter conveyor belt heaven!","10 Sep, 2024",Coffee Stain Studios,Coffee Stain Publishing,Overwhelmingly Positive,"-154,636","105,046"
Persona 3 Reload,"Dive into the Dark Hour and awaken the depths of your heart. Persona 3 Reload is a captivating reimagining of the genre-defining RPG, reborn for the modern era with cutting-edge graphics and gameplay.","1 Feb, 2024",ATLUS,SEGA,Very Positive,"-19,224","14,578"
Baldurs Gate 3,"Baldur‚Äôs Gate 3 is a story-rich, party-based RPG set in the universe of Dungeons & Dragons, where your choices shape a tale of fellowship and betrayal, survival and sacrifice, and the lure of absolute power.","3 Aug, 2023",Larian Studios,Larian Studios,Overwhelmingly Positive,"-582,585","403,939"
Shin Megami Tensei V: Vengeance,"Become a mighty demigod and battle through a decimated Tokyo in a war between angels and demons. Make new allies along your journey, engage in intense, turn-based combat, recruit hundreds of demons and forge your own path to dictate the fate of all existence.","14 Jun, 2024",ATLUS,SEGA,Very Positive,"-3,836","2,906"
Microsoft Flight Simulator 40th Anniversary Edition,"From gliders and helicopters to wide-body jets, fly highly detailed and accurate aircraft in the Microsoft Flight Simulator 40th Anniversary Edition. The world is at your fingertips.","17 Aug, 2020",Asobo Studio,Xbox Game Studios,Mostly Positive,"-58,645","40,027"
Dragons Dogma 2,"Dragon‚Äôs Dogma 2 is a single player, narrative driven action-RPG that challenges the players to choose their own experience ‚Äì from the appearance of their Arisen, their vocation, their party, how to approach different situations and more - in a truly immersive fantasy world.","22 Mar, 2024","CAPCOM Co., Ltd.","CAPCOM Co., Ltd.",Mixed,"-64,168","52,139"
Lies of P,"Lies of P is a thrilling soulslike that takes the story of Pinocchio, turns it on its head, and sets it against the darkly elegant backdrop of the Belle Epoque era.","18 Sep, 2023",NEOWIZ,NEOWIZ,Very Positive,"-30,614","19,657"
UFO 50,"UFO 50 is a collection of 50 single and multiplayer games that span a variety of genres, from platformers and shoot em ups to puzzle games, roguelites, and RPGs. Our goal is to combine a familiar 8-bit aesthetic with new ideas and modern game design.","18 Sep, 2024",Mossmouth,Mossmouth,Very Positive,(94% of 843)¬†All Time,809
FINAL FANTASY VII REMAKE INTERGRADE,"Cloud Strife, an ex-SOLDIER operative, descends on the mako-powered city of Midgar. The world of the timeless classic FINAL FANTASY VII is reborn, using cutting-edge graphics technology, a new battle system and an additional adventure featuring Yuffie Kisaragi.","17 Jun, 2022",Square Enix,Square Enix,Very Positive,"-24,837","13,829"
Gunfire Reborn,"Gunfire Reborn is a level-based adventure game featuring FPS, Roguelite and RPG. Players can control heroes with various abilities to experience diverse Build gameplay, use various weapons to explore procedurally-generated levels. You can play the game alone, or join 4-player coop.","17 Nov, 2021",Duoyi Games,Duoyi Games,Very Positive,"-82,378","39,943"
Core Keeper,"Explore a vast cavern of creatures, relics and resources in a mining sandbox adventure for 1-8 players. Mine, build, fight, craft and farm to unravel the mystery of the ancient Core.","27 Aug, 2024",Pugstorm,Fireshine Games,Very Positive,"-30,117","19,480"
STAR WARS Jedi: Survivor‚Ñ¢,"The story of Cal Kestis continues in STAR WARS Jedi: Survivor‚Ñ¢, a galaxy-spanning, third-person, action-adventure game.","27 Apr, 2023",Respawn,Electronic Arts,Mixed,"-51,497","38,476"
DEATH STRANDING DIRECTORS CUT,"From legendary game creator Hideo Kojima comes a genre-defying experience, now expanded in this definitive DIRECTOR‚ÄôS CUT. As Sam Bridges, your mission is to deliver hope to humanity by connecting the last survivors of a decimated America. Can you reunite the shattered world, one step at a time?","30 Mar, 2022",KOJIMA PRODUCTIONS,505 Games,Very Positive,"-21,848","11,448"
Palworld,"Fight, farm, build and work alongside mysterious creatures called Pals in this completely new multiplayer, open world survival and crafting game!","18 Jan, 2024",Pocketpair,Pocketpair,Very Positive,"-275,679","134,393"
Little Nightmares II,"Little Nightmares II is a suspense adventure game in which you play as Mono, a young boy trapped in a world that has been distorted by an evil transmission. Together with new friend Six, he sets out to discover the source of the Transmission.","10 Feb, 2021",Tarsier Studios,BANDAI NAMCO Entertainment,Very Positive,"-31,751","14,237"
Little Nightmares,–°–µ—Ä—ñ—è Little Nightmares –∑–∞—Ö–æ–ø–∏–ª–∞ –º—ñ–ª—å–π–æ–Ω–∏ –≥—Ä–∞–≤—Ü—ñ–≤ –ø–æ –≤—Å—å–æ–º—É —Å–≤—ñ—Ç—É –∑ 2017 —Ä–æ–∫—É. –¢–µ–ø–µ—Ä –≤–∞—à–∞ —á–µ—Ä–≥–∞ —Å–ø—Ä–æ–±—É–≤–∞—Ç–∏ –≤–∏–∂–∏—Ç–∏ –≤ –ø–µ—Ä—à—ñ–π —á–∞—Å—Ç–∏–Ω—ñ –Ω–∞–π—á–∞—Ä—ñ–≤–Ω—ñ—à–æ—ó —Å–µ—Ä—ñ—ó –∂–∞—Ö—ñ–≤.,"27 Apr, 2017",Tarsier Studios,BANDAI NAMCO Entertainment,Very Positive,"-44,086","31,874"
Sonic Frontiers,Experience Sonic like never before!,"7 Nov, 2022",Sonic Team,SEGA,Very Positive,"-17,727","15,924"
"Warhammer 40,000: Space Marine 2 - Season Pass",,"9 Sep, 2024",Saber Interactive,Focus Entertainment,Mixed,(49% of 496)¬†All Time,380
Alien: Isolation,"Discover the true meaning of fear in Alien: Isolation, a survival horror set in an atmosphere of constant dread and mortal danger.","6 Oct, 2014","Creative Assembly, Feral Interactive (Mac), Feral Interactive (Linux)","SEGA, Feral Interactive (Mac), Feral Interactive (Linux)",Very Positive,"-40,842","30,891"
Lost Judgment,"When a police officer discloses the murder of the student teacher who bullied his son to suicide, the twisted secrets of a Yokohama, high school bleed out. Nothing, in this case, is black and white.","14 Sep, 2022",Ryu Ga Gotoku Studio,SEGA,Very Positive,"-4,682","2,960"
Lethal Company,A co-op horror about scavenging at abandoned moons to sell scrap to the Company.,"23 Oct, 2023",Zeekerss,Zeekerss,Overwhelmingly Positive,"-349,667","302,108"
Thank Goodness Youre Here!,"Thank Goodness Youre Here! is an absurd comedy slapformer set in the bizarre Northern English town of Barnsworth. As a traveling salesman, take the time to see the sights and meet the locals, who are very eager to give you a series of increasingly odd jobs‚Ä¶","1 Aug, 2024",Coal Supper,Panic,Overwhelmingly Positive,"-2,604","2,348"
STAR WARS‚Ñ¢ Battlefront‚Ñ¢ II,Be the hero in the ultimate STAR WARS‚Ñ¢ battle fantasy with STAR WARS‚Ñ¢ Battlefront‚Ñ¢ II: Celebration Edition!,"16 Nov, 2017",DICE,Electronic Arts,Very Positive,"-51,748","35,069"
Chained Together,"From the depths of hell, climb chained to your friends through diverse worlds. Solo or co-op, try to reach the summit and discover what awaits you there...","19 Jun, 2024",Anegar Games,Anegar Games,Very Positive,"-27,401","13,601"
Forza Horizon 5,"Explore the vibrant open world landscapes of Mexico with limitless, fun driving action in the world‚Äôs greatest cars. Join a thrilling game of chase with our new 5v1 Multiplayer Experience: Hide & Seek.","8 Nov, 2021",Playground Games,Xbox Game Studios,Very Positive,"-177,814","73,657"
ARK: Survival Ascended,"ARK is reimagined from the ground-up into the next-generation of video game technology with Unreal Engine 5! Form a tribe, tame & breed hundreds of unique dinosaurs and primeval creatures, explore, craft, build, and fight your way to the top of the food-chain. Your new world awaits!","25 Oct, 2023","Studio Wildcard, Grove Street Games, Instinct Games","Studio Wildcard, Snail Games USA",Mixed,"-54,833","36,814"
Sons Of The Forest,"Sent to find a missing billionaire on a remote island, you find yourself in a cannibal-infested hellscape. Craft, build, and struggle to survive, alone or with friends, in this terrifying new open-world survival horror simulator.","22 Feb, 2024",Endnight Games Ltd,Newnight,Very Positive,"-182,802","97,879"
DREDGE,"DREDGE is a single-player fishing adventure with a sinister undercurrent. Sell your catch, upgrade your boat, and dredge the depths for long-buried secrets. Explore a mysterious archipelago and discover why some things are best left forgotten.","30 Mar, 2023",Black Salt Games,Team17,Overwhelmingly Positive,"-29,450","24,086"
Crime Scene Cleaner,"Once you get tangled with the mob, you will forever be a part of the mob. At least they pay a decent salary and all you have to do is clean up after their dirty work, but you know what you‚Äôre doing. So clean crime scenes, earn as much money as you can, and get ready for the next mission.","14 Aug, 2024",President Studio,"President Studio, PlayWay S.A.",Overwhelmingly Positive,"-7,625","3,870"
Subnautica,"Descend into the depths of an alien underwater world filled with wonder and peril. Craft equipment, pilot submarines and out-smart wildlife to explore lush coral reefs, volcanoes, cave systems, and more - all while trying to survive.","23 Jan, 2018",Unknown Worlds Entertainment,Unknown Worlds Entertainment,Overwhelmingly Positive,"-255,752","161,501"
Crusader Kings III,"Love, fight, scheme, and claim greatness. Determine your noble house‚Äôs legacy in the sprawling grand strategy of Crusader Kings III. Death is only the beginning as you guide your dynasty‚Äôs bloodline in the rich and larger-than-life simulation of the Middle Ages.","1 Sep, 2020",Paradox Development Studio,Paradox Interactive,Very Positive,"-72,759","54,773"
Persona 5 Royal,"Don the mask and join the Phantom Thieves of Hearts as they stage grand heists, infiltrate the minds of the corrupt, and make them change their ways!","20 Oct, 2022",ATLUS,SEGA,Overwhelmingly Positive,"-54,601","25,401"
Dale & Dawson Stationery Supplies,"In Dale & Dawson Stationery Supplies, play as a Manager, Specialist, or Slacker in an office setting. Slackers blend in, mimicking Specialists to avoid the Managers suspicion. Uncover or cause deception to win.","30 Aug, 2024",Striped Panda Studios,Striped Panda Studios,Very Positive,"(93% of 2,688)¬†All Time","2,023"
Path of Exile,"You are an Exile, struggling to survive on the dark continent of Wraeclast, as you fight to earn power that will allow you to exact your revenge against those who wronged you. Path of Exile is an online Action RPG set in a dark fantasy world. The game is completely free and will never be pay-to-win.","23 Oct, 2013",Grinding Gear Games,Grinding Gear Games,Very Positive,"-226,231","130,230"
Stardew Valley,"Youve inherited your grandfathers old farm plot in Stardew Valley. Armed with hand-me-down tools and a few coins, you set out to begin your new life. Can you learn to live off the land and turn these overgrown fields into a thriving home?","26 Feb, 2016",ConcernedApe,ConcernedApe,Overwhelmingly Positive,"-644,043","377,167"
STAR WARS‚Ñ¢: The Old Republic‚Ñ¢,"STAR WARS‚Ñ¢: The Old Republic‚Ñ¢ is a free-to-play MMORPG that puts you at the center of your own story-driven saga. Play as a Jedi, Sith, Bounty Hunter, or one of many other iconic STAR WARS roles in the galaxy far, far away over three thousand years before the classic films.","20 Dec, 2011",Broadsword,Electronic Arts,Very Positive,"-62,836","43,862"
Fallout 76,"Bethesda Game Studios welcome you to Fallout 76. Twenty-five years after the bombs fall, you and your fellow Vault Dwellers emerge into post-nuclear America. Explore a vast wasteland in this open-world multiplayer addition to the Fallout story.","14 Apr, 2020",Bethesda Game Studios,Bethesda Softworks,Mostly Positive,"-61,554","66,351"
Project Zomboid,"Project Zomboid is the ultimate in zombie survival. Alone or in MP: you loot, build, craft, fight, farm and fish in a struggle to survive. A hardcore RPG skillset, a vast map, massively customisable sandbox and a cute tutorial raccoon await the unwary. So how will you die? All it takes is a bite..","8 Nov, 2013",The Indie Stone,The Indie Stone,Very Positive,"-243,331","143,110"
Dark and Darker,"An unforgiving hardcore fantasy FPS dungeon PvPvE adventure. Band together with your friends and use your courage, wits, and cunning to uncover mythical treasures, defeat gruesome monsters, while staying one step ahead of the other devious treasure-hunters.","8 Jun, 2024",IRONMACE,IRONMACE,Mostly Positive,"-48,021","28,740"
Visions of Mana,Explore a world of elemental spirits and adventure in the latest Mana action-RPG.,"29 Aug, 2024",Square Enix,Square Enix,Very Positive,"(81% of 1,171)¬†All Time",776
Limbus Company,"As the Executive Manager of Limbus Company, lead your group of twelve Sinners, venture into the buried facilities of Lobotomy Corporation, and lay claim on the Golden Boughs.","26 Feb, 2023",ProjectMoon,ProjectMoon,Very Positive,"-37,527","13,860"
Divinity: Original Sin 2 - Definitive Edition,"The critically acclaimed RPG that raised the bar, from the creators of Baldurs Gate 3. Gather your party. Master deep, tactical combat. Venture as a party of up to four - but know that only one of you will have the chance to become a God.","14 Sep, 2017",Larian Studios,Larian Studios,Overwhelmingly Positive,"-159,505","86,852"
Fallout: New Vegas,Welcome to Vegas. New Vegas. Enjoy your stay!,"22 Oct, 2010",Obsidian Entertainment,Bethesda Softworks,Overwhelmingly Positive,"-173,792","172,530"
Undertale,UNDERTALE! The RPG game where you dont have to destroy anyone.,"15 Sep, 2015",tobyfox,tobyfox,Overwhelmingly Positive,"-212,580","140,016"
Persona 4 Golden,A coming of age story that sets the protagonist and his friends on a journey kickstarted by a chain of serial murders.,"13 Jun, 2020",ATLUS,SEGA,Overwhelmingly Positive,"-61,644","47,338"
DARK SOULS‚Ñ¢ III,"Dark Souls continues to push the boundaries with the latest, ambitious chapter in the critically-acclaimed and genre-defining series. Prepare yourself and Embrace The Darkness!","11 Apr, 2016","FromSoftware, Inc.","FromSoftware, Inc., Bandai Namco Entertainment",Very Positive,"-249,163","149,687"
Hogwarts Legacy,"Hogwarts Legacy is an immersive, open-world action RPG. Now you can take control of the action and be at the center of your own adventure in the wizarding world.","10 Feb, 2023",Avalanche Software,Warner Bros. Games,Very Positive,"-203,217","146,183"
OMORI,"Explore a strange world full of colorful friends and foes. When the time comes, the path you‚Äôve chosen will determine your fate... and perhaps the fate of others as well.","25 Dec, 2020","OMOCAT, LLC","OMOCAT, LLC",Overwhelmingly Positive,"-65,939","52,267"
Slay the Spire,"We fused card games and roguelikes together to make the best single player deckbuilder we could. Craft a unique deck, encounter bizarre creatures, discover relics of immense power, and Slay the Spire!","23 Jan, 2019",Mega Crit,Mega Crit,Overwhelmingly Positive,"-142,437","72,985"
Symphony of War: The Nephilim Saga,"Enter Tahnra, a land savaged by war. You, a fresh academy graduate with humble beginnings, will grow to lead a grand army against a corrupt adversary. Gather heroes, form bonds, and lead your force in turn-based battles. Make use of tactics, terrain, morale and more to bring peace to the land!","10 Jun, 2022",Dancing Dragon Games,indie.io,Overwhelmingly Positive,"-10,413","6,926"
God of War,"His vengeance against the Gods of Olympus years behind him, Kratos now lives as a man in the realm of Norse Gods and monsters. It is in this harsh, unforgiving world that he must fight to survive‚Ä¶ and teach his son to do the same.","14 Jan, 2022","Santa Monica Studio, Jetpack Interactive",PlayStation Publishing LLC,Overwhelmingly Positive,"-99,229","65,288"
Fallout 4,"Bethesda Game Studios, the award-winning creators of Fallout 3 and The Elder Scrolls V: Skyrim, welcome you to the world of Fallout 4 ‚Äì their most ambitious game ever, and the next generation of open-world gaming.","10 Nov, 2015",Bethesda Game Studios,Bethesda Softworks,Very Positive,"-250,033","229,674"
TROUBLESHOOTER: Abandoned Children,TROUBLESHOOTER: Abandoned Children is the first season of a turn-based strategy SRPG that takes place in the world of Troubleshooter.,"23 Apr, 2020",Dandylion,Dandylion,Very Positive,"-8,314","2,979"
DAVE THE DIVER,"DAVE THE DIVER is a casual, singleplayer adventure RPG featuring deep-sea exploration and fishing during the day and sushi restaurant management at night. Join Dave and his quirky friends as they seek to uncover the secrets of the mysterious Blue Hole.","28 Jun, 2023",MINTROCKET,MINTROCKET,Overwhelmingly Positive,"-102,517","40,436"
The Elder Scrolls V: Skyrim Special Edition,"Winner of more than 200 Game of the Year Awards, The Elder Scrolls V: Skyrim Special Edition brings the epic fantasy to life in stunning detail. The Special Edition includes the critically acclaimed game and add-ons with all-new features.","28 Oct, 2016",Bethesda Game Studios,Bethesda Softworks,Very Positive,"-168,427","184,153"
Yakuza 0,"SEGA‚Äôs legendary Japanese series finally comes to PC. Fight like hell through Tokyo and Osaka as junior yakuza Kiryu and Majima. Take a front row seat to 1980s life in Japan in an experience unlike anything else in video gaming, with uncapped framerates and 4K resolutions. A legend is born.","1 Aug, 2018",Ryu Ga Gotoku Studio,SEGA,Overwhelmingly Positive,"-54,903","42,398"
Mount & Blade: Warband,"In a land torn asunder by incessant warfare, it is time to assemble your own band of hardened warriors and enter the fray. Lead your men into battle, expand your realm, and claim the ultimate prize: the throne of Calradia!","31 Mar, 2010",TaleWorlds Entertainment,TaleWorlds Entertainment,Overwhelmingly Positive,"-127,977","66,413"
Mount & Blade II: Bannerlord,"A strategy/action RPG. Create a character, engage in diplomacy, craft, trade and conquer new lands in a vast medieval sandbox. Raise armies to lead into battle and command and fight alongside your troops in massive real-time battles using a deep but intuitive skill-based combat system.","25 Oct, 2022",TaleWorlds Entertainment,TaleWorlds Entertainment,Very Positive,"-194,924","100,581"
Kenshi,"A free-roaming squad based RPG. Focusing on open-ended sandbox gameplay features rather than a linear story. Be a trader, a thief, a rebel, a warlord, an adventurer, a farmer, a slave, or just food for the cannibals. Train your men up from puny victims to master warriors.","6 Dec, 2018",Lo-Fi Games,Lo-Fi Games,Overwhelmingly Positive,"-74,177","45,382"
EA SPORTS FC‚Ñ¢ 25,"EA SPORTS FC‚Ñ¢ 25 gives you more ways to win for the club. Team up with friends in your favourite modes with the new 5v5 Rush, and manage your club to victory as FC IQ delivers more tactical control than ever before.","26 Sep, 2024",EA Canada & EA Romania,Electronic Arts,Mixed,"(50% of 2,594)¬†All Time",998
Frostpunk 2,"Develop, expand, and advance your city in a society survival game set 30 years after an apocalyptic blizzard ravaged Earth. In Frostpunk 2, you face not only the perils of never-ending winter, but also the powerful factions that watch your every step inside the Council Hall.","20 Sep, 2024",11 bit studios,11 bit studios,Mostly Positive,"(71% of 4,986)¬†All Time","2,644"
NBA 2K25,"Command every court with authenticity and realism Powered by ProPLAY‚Ñ¢, giving you ultimate control over how you play in NBA 2K25. Define your legacy in MyCAREER, MyTEAM, MyNBA, and The W.","3 Sep, 2024",Visual Concepts,2K,Mixed,"(57% of 4,031)¬†All Time","2,128"
TCG Card Shop Simulator,"Open your own local game store. Stock shelves with the latest booster packs, or crack them and collect the cards for yourself. Set your own prices, hire staff, host events, and expand your card shop.","15 Sep, 2024",OPNeon Games,OPNeon Games,Overwhelmingly Positive,"(96% of 3,122)¬†All Time","2,082"
The Sims‚Ñ¢ 4,Play with life and discover the possibilities. Unleash your imagination and create a world of Sims that‚Äôs wholly unique. Explore and customize every detail from Sims to homes‚Äìand much more.,"2 Sep, 2014",Maxis,Electronic Arts,Very Positive,"-149,708","79,309"
War Thunder,"War Thunder is the most comprehensive free-to-play, cross-platform, MMO military game dedicated to aviation, armoured vehicles, and naval craft, from the early 20th century to the most advanced modern combat units. Join now and take part in major battles on land, in the air, and at sea.","15 Aug, 2013",Gaijin Entertainment,Gaijin Network Ltd,Mostly Positive,"-543,497","231,369"
Euro Truck Simulator 2,"Travel across Europe as king of the road, a trucker who delivers important cargo across impressive distances! With dozens of cities to explore, your endurance, skill and speed will all be pushed to their limits.","18 Oct, 2012",SCS Software,SCS Software,Overwhelmingly Positive,"-597,844","152,873"
Anno 1800,Anno 1800‚Ñ¢ ‚Äì Lead the Industrial Revolution! Welcome to the dawn of the Industrial Age. The path you choose will define your world. Are you an innovator or an exploiter? A conqueror or a liberator? How the world remembers your name is up to you.,19-Apr,Ubisoft Mainz,Ubisoft,Very Positive,"-16,958","7,755"
American Truck Simulator,"Experience legendary American trucks and deliver various cargoes across sunny California, sandy Nevada, and the Grand Canyon State of Arizona. American Truck Simulator takes you on a journey through the breathtaking landscapes and widely recognized landmarks around the States.","2 Feb, 2016",SCS Software,SCS Software,Overwhelmingly Positive,"-131,247","88,406"
Yu-Gi-Oh! Master Duel,"Yu-Gi-Oh! MASTER DUEL is the ultimate free-to-play cross-platform strategy card game with fast-paced Duels, stunning HD graphics and a new, dynamic soundtrack! Get ready to challenge Duelists around the world!","18 Jan, 2022",KONAMI,KONAMI,Mostly Positive,"-76,889","40,177"
BeamNG.drive,A dynamic soft-body physics vehicle simulator capable of doing just about anything.,"29 May, 2015",BeamNG,BeamNG,Overwhelmingly Positive,"-249,828","153,049"
eFootball‚Ñ¢,The feverish football game with a worldwide total of 750 million downloads is waiting for you! Play eFootball‚Ñ¢ with users around the world!,"29 Sep, 2021",KONAMI,KONAMI,Mixed,"-80,277","21,184"
Two Point Campus,"Build the university of your dreams with Two Point Campus, the sim with a twist from the makers of Two Point Hospital. Build, hire staff and run an academic institution packed with wild courses.","9 Aug, 2022",Two Point Studios,SEGA,Very Positive,"-3,661","2,522"
Assetto Corsa,"Assetto Corsa v1.16 introduces the new Laguna Seca laser-scanned track, 7 new cars among which the eagerly awaited Alfa Romeo Giulia Quadrifoglio! Check the changelog for further info!","19 Dec, 2014",Kunos Simulazioni,Kunos Simulazioni,Very Positive,"-103,905","58,662"
EA SPORTS‚Ñ¢ Madden NFL 25,Hit like you mean it with FieldSENSE‚Ñ¢ powered by BOOM Tech. Experience how the new physics-informed dynamic tackling system unlocks realistic collisions & new gameplay animations on both sides of the ball.,"15 Aug, 2024",Tiburon,Electronic Arts,Mixed,-865,949
RimWorld,"A sci-fi colony sim driven by an intelligent AI storyteller. Generates stories by simulating psychology, ecology, gunplay, melee combat, climate, biomes, diplomacy, interpersonal relationships, art, medicine, trade, and more.","17 Oct, 2018",Ludeon Studios,Ludeon Studios,Overwhelmingly Positive,"-163,874","117,731"
theHunter: Call of the Wild‚Ñ¢,"Discover an atmospheric hunting game like no other in this realistic, stunning open world ‚Äì regularly updated in collaboration with the community. Immerse yourself in the single player campaign, or share the ultimate hunting experience with friends.","16 Feb, 2017",Expansive Worlds,Expansive Worlds,Very Positive,"-136,012","59,053"
Shawarma Legend,üåØ Shawarma Legend Game coming soon! A real simulation of a shawarma restaurant!,"19 Jul, 2024",Eyad Alshafei,Patates Games,Very Positive,-483,31
Stellaris,"Explore a galaxy full of wonders in this sci-fi grand strategy game from Paradox Development Studios. Interact with diverse alien races, discover strange new worlds with unexpected events and expand the reach of your empire. Each new adventure holds almost limitless possibilities.","9 May, 2016",Paradox Development Studio,Paradox Interactive,Very Positive,"-119,399","92,442"
World of Warships,"Immerse yourself in thrilling naval battles and assemble an armada of over 600 ships from the first half of the 20th century ‚Äî from stealthy destroyers to gigantic battleships. Change the look of your ship, choose upgrades to suit your play style, and go into battle with other players!","15 Nov, 2017",Wargaming Group Limited,Wargaming Group Limited,Mostly Positive,"-142,698","46,302"
Assetto Corsa Competizione,"Assetto Corsa Competizione, the official GT World Challenge videogame. Thanks to the extraordinary quality of simulation, you will experience the atmosphere of the GT3 championship. Compete against official drivers, teams, cars and official circuits reproduced to the highest quality ever seen.","29 May, 2019",Kunos Simulazioni,505 Games,Very Positive,"-23,536","15,296"
World of Tanks,"Jump into the free-to-play team-based shooter with an ever-expanding roster of historical vehicles, stunning graphics, spectacular locales, and orchestral scores. Show your mastery and face other players in thrilling PvP clashes. A unique mix of strategy and action awaits!","28 Apr, 2021",Wargaming Group Limited,Wargaming Group Limited,Very Positive,"-79,113","18,685"
Dyson Sphere Program,"Build the most efficient intergalactic factory in space simulation strategy game Dyson Sphere Program! Harness the power of stars, collect resources, plan and design production lines and develop your interstellar factory from a small space workshop to a galaxy-wide industrial empire.","20 Jan, 2021",Youthcat Studio,Gamera Games,Overwhelmingly Positive,"-73,564","22,509"
Jurassic World Evolution 2,Jurassic World Evolution 2¬†is the much-anticipated sequel to¬†Frontier‚Äôs¬†highly successful Jurassic World Evolution.¬†This bold new era in the¬†Jurassic World Evolution¬†game franchise builds upon¬†the ground-breaking and immersive 2018 management simulation.,"9 Nov, 2021",Frontier Developments,Frontier Developments,Very Positive,"-25,599","16,002"
DCS World Steam Edition,Feel the excitement of flying the Su-25T Frogfoot attack jet and the TF-51D Mustang in the free-to-play Digital Combat Simulator World!,"18 Mar, 2018",Eagle Dynamics SA,Eagle Dynamics SA,Very Positive,"-34,329","19,519"
American Truck Simulator - Arkansas,,"16 Sep, 2024",SCS Software,SCS Software,Very Positive,(87% of 143)¬†All Time,89
Train Sim World¬Æ 5,The Rails are Yours in Train Sim World 5! Take on new challenges and new roles as you master the tracks and trains of iconic cities across 3 new routes. Immerse yourself in the ultimate rail hobby and embark on your next journey.,"17 Sep, 2024",Dovetail Games,Dovetail Games - TSW,Mostly Positive,(75% of 320)¬†All Time,255
Crusader Kings III: Tours & Tournaments,,"11 May, 2023","Paradox Development Studio, Paradox Thalassic",Paradox Interactive,Mostly Positive,"(77% of 1,326)¬†All Time",883
Cities: Skylines II,"Raise a city from the ground up and transform it into a thriving metropolis with the most realistic city builder ever. Push your creativity and problem-solving to build on a scale youve never experienced. With deep simulation and a living economy, this is world-building without limits.","24 Oct, 2023",Colossal Order Ltd.,Paradox Interactive,Mixed,"-42,905","30,772"
Fields of Mistria,"Start your new life! Build the farm of your dreams as you discover a world brimming with possibilities. Magic, romance, and adventure all await you in this nostalgic farming / life sim RPG!","5 Aug, 2024",NPC Studio,NPC Studio,Overwhelmingly Positive,"-8,331","7,604"
Supermarket Simulator,"Run your own supermarket. Stock shelves, set prices as youd like, take payments, hire staff, expand and design your store. Online orders & delivery, shoplifters, security, local market are upcoming.","20 Feb, 2024",Nokta Games,Nokta Games,Very Positive,"-48,211","21,084"
CarX Street,"Conquer mountain roads, highways, and city streets. Build your dream car with detailed tuning that unleashes the potential of ‚ÄúCarX Technology‚Äù¬© physics. Take part in thrilling races, enjoying realistic gameplay and dynamic driving.","29 Aug, 2024","CarX Technologies, LLC","CarX Technologies, LLC",Mixed,"(68% of 5,425)¬†All Time","3,489"
Hearts of Iron IV,"Victory is at your fingertips! Your ability to lead your nation is your supreme weapon, the strategy game Hearts of Iron IV lets you take command of any nation in World War II; the most engaging conflict in world history.","6 Jun, 2016",Paradox Development Studio,Paradox Interactive,Very Positive,"-218,593","137,260"
shapez 2,Dive into a factory-building game where the focus is on just that ‚Äî building huge factories! Construct sprawling multi-level factories and min-max your layouts without limits. Shapez 2 is tailor-made for enthusiasts who crave the thrill of optimizing production lines and perfecting automation.,"15 Aug, 2024",tobspr Games,"tobspr Games, Gamera Games",Overwhelmingly Positive,"-6,553","4,720"
Ale & Tale Tavern,"Get ready for a thrilling mix of genres: a cooperative, first-person, open-world fantasy tavern simulator, action, fishing, hunting, exploration, and completing fun and diverse quests. And, of course, COOKING! Play with friends, feed and quench the thirst of the entire world!","5 Sep, 2024",Scienart Games,"GrabTheGames, UpgradePoint",Very Positive,"(84% of 1,478)¬†All Time",747
7 Days to Die,"7 Days to Die is an open-world game that is a unique combination of first-person shooter, survival horror, tower defense, and role-playing games. Play the definitive zombie survival sandbox RPG that came first. Navezgane awaits!","25 Jul, 2024",The Fun Pimps,The Fun Pimps Entertainment LLC,Very Positive,"-231,932","158,982"
Garrys Mod,Garrys Mod is a physics sandbox. There arent any predefined aims or goals. We give you the tools and leave you to play.,"29 Nov, 2006",Facepunch Studios,Valve,Overwhelmingly Positive,"-945,676","548,369"
People Playground,"Shoot, stab, burn, poison, tear, vaporise, or crush ragdolls in a large open space.","23 Jul, 2019",mestiez,Studio Minus,Overwhelmingly Positive,"-243,162","154,929"
Cities: Skylines,Cities: Skylines is a modern take on the classic city simulation. The game introduces new game play elements to realize the thrill and hardships of creating and maintaining a real city whilst expanding on some well-established tropes of the city building experience.,"10 Mar, 2015",Colossal Order Ltd.,Paradox Interactive,Very Positive,"-193,925","118,310"
Totally Accurate Battle Simulator,"Be the leader of wobblers from ancient lands, spooky places, and fantasy worlds. Watch them fight in simulations made with the wobbliest physics system ever created, make your own wobblers in the unit creator and send your army off to fight your friends in multiplayer.","1 Apr, 2021",Landfall,Landfall,Overwhelmingly Positive,"-119,634","76,320"
Kerbal Space Program,"In Kerbal Space Program, take charge of the space program for the alien race known as the Kerbals. You have access to an array of parts to assemble fully-functional spacecraft that flies (or doesn‚Äôt) based on realistic aerodynamic and orbital physics.","27 Apr, 2015",Squad,Private Division,Overwhelmingly Positive,"-100,053","84,199"
Oxygen Not Included,"Oxygen Not Included is a space-colony simulation game. Deep inside an alien space rock your industrious crew will need to master science, overcome strange new lifeforms, and harness incredible space tech to survive, and possibly, thrive.","30 Jul, 2019",Klei Entertainment,Klei Entertainment,Overwhelmingly Positive,"-112,146","44,913"
Arma 3,"Experience true combat gameplay in a massive military sandbox. Deploying a wide variety of single- and multiplayer content, over 20 vehicles and 40 weapons, and limitless opportunities for content creation, this is the PC‚Äôs premier military game. Authentic, diverse, open - Arma 3 sends you to war.","12 Sep, 2013",Bohemia Interactive,Bohemia Interactive,Very Positive,"-206,149","129,188"
"Papers, Please","Congratulations. The October labor lottery is complete. Your name was pulled. For immediate placement, report to the Ministry of Admission at Grestin Border Checkpoint. An apartment will be provided for you and your family in East Grestin. Expect a Class-8 dwelling.","8 Aug, 2013",Lucas Pope,3909,Overwhelmingly Positive,"-64,040","39,171"
Sid Meier‚Äôs Civilization¬Æ VI,"Civilization VI is the newest installment in the award winning Civilization Franchise. Expand your empire, advance your culture and go head-to-head against history‚Äôs greatest leaders. Will your civilization stand the test of time?","20 Oct, 2016","Firaxis Games, Aspyr (Mac), Aspyr (Linux)","2K, Aspyr (Mac), Aspyr (Linux)",Very Positive,"-238,316","133,618"
Teardown,Prepare the perfect heist in this simulated and fully destructible voxel world. Tear down walls with vehicles or explosives to create shortcuts. Stack objects to reach higher. Use the environment to your advantage in the most creative way you can think of.,"21 Apr, 2022",Tuxedo Labs,"Tuxedo Labs, Saber Interactive",Overwhelmingly Positive,"-89,873","62,030"
Game Dev Tycoon,In Game Dev Tycoon you replay the history of the gaming industry by starting your own video game development company in the 80s. Create best selling games. Research new technologies and invent new game types. Become the leader of the market and gain worldwide fans.,"29 Aug, 2013",Greenheart Games üíö,Greenheart Games üíö,Overwhelmingly Positive,"-37,770","24,191"
CarX Drift Racing Online,"CarX Drift Racing Online is your chance to immerse yourself in the real world of drifting. Get together with friends, tune your car and burn some tires!","17 Nov, 2017","CarX Technologies, LLC","CarX Technologies, LLC",Overwhelmingly Positive,"-73,316","37,944"
Slime Rancher,"Slime Rancher is the tale of Beatrix LeBeau, a plucky, young rancher who sets out for a life a thousand light years away from Earth on the ‚ÄòFar, Far Range‚Äô where she tries her hand at making a living wrangling slimes.","1 Aug, 2017",Monomi Park,Monomi Park,Overwhelmingly Positive,"-110,588","65,610"
Car Mechanic Simulator 2021,Work your way to a service empire. Get your hands dirty in a highly realistic simulation game that pays major attention to details. Pay a visit to a new Auction house and buy cars in various conditions. Expand your range of services by investing in a new work space and equipment.,"11 Aug, 2021",Red Dot Games,PlayWay S.A.,Overwhelmingly Positive,"-24,893","12,663"
Tabletop Simulator,"Tabletop Simulator is the only simulator where you can let your aggression out by flipping the table! There are no rules to follow: just you, a physics sandbox, and your friends. Make your own online board games or play the thousands of community created mods. Unlimited gaming possibilities!","5 Jun, 2015",Berserk Games,Berserk Games,Overwhelmingly Positive,"-40,083","42,735"
PowerWash Simulator,"Release the Pressure with PowerWash Simulator! Wash away your worries with the soothing sounds of high-pressure water. Fire up your power washer and blast away every speck of dirt and grime you can find, all with the simple satisfaction of power-washing to a sparkling finish.","14 Jul, 2022",FuturLab,Square Enix,Overwhelmingly Positive,"-41,185","35,905"
Aimlabs,"Aimlabs is the aim trainer of choice for over 30 Million players, from beginners to esports pros. Our unique aim analysis optimizes your gameplay, targets your weaknesses & builds key skills for any FPS game! Time to warm up with our unlimited scenarios & rank up in-game!","16 Jun, 2023","State Space Labs, Inc.","State Space Labs, Inc.",Very Positive,"-116,386","59,602"
My Summer Car,"My Summer Car is the ultimate car owning, building, fixing, tuning, maintenance AND permadeath life survival simulator. You start the game with hundreds of loose parts and assemble both car and engine.","24 Oct, 2016",Amistech Games,Amistech Games,Very Positive,"-71,176","29,091"
House Flipper,"House Flipper is a unique chance to become a one-man renovation crew. Buy, repair and remodel devastated houses. Give them a second life and sell them at a profit!","17 May, 2018",Empyrean,"Frozen District, PlayWay S.A.",Very Positive,"-78,509","45,422"
Plague Inc: Evolved,"Plague Inc: Evolved is a unique mix of high strategy and terrifyingly realistic simulation. Your pathogen has just infected Patient Zero - now you must bring about the end of human history by evolving a deadly, global Plague whilst adapting against everything humanity can do to defend itself.","18 Feb, 2016",Ndemic Creations,Ndemic Creations,Very Positive,"-46,662","24,836"
Age of Mythology: Retold,"From the creators of the award-winning Age of Empires franchise, Age of Mythology: Retold goes beyond history to a mythical age where gods, monsters, and humans collide.","4 Sep, 2024","[Worlds Edge, Forgotten Empires, Tantalus Media, CaptureAge, Virtuos Games",Xbox Game Studios,Very Positive,"(89% of 8,251)¬†All Time","4,746"
Magic: The Gathering Arena,"Magic: The Gathering Arena empowers you to discover your strategy, meet the planeswalkers, explore the multiverse, and battle friends around the world. Start playing for free, challenge your friends, unlock cards, and feel the magic of the original fantasy CCG!","23 May, 2023",Wizards of the Coast LLC,Wizards of the Coast LLC,Mixed,"-13,490","9,352"
Total War: WARHAMMER II,"Strategy gaming perfected. A breath-taking campaign of exploration, expansion and conquest across a fantasy world. Turn-based civilisation management and real-time epic strategy battles with thousands of troops and monsters at your command.","28 Sep, 2017","CREATIVE ASSEMBLY, Feral Interactive (Mac), Feral Interactive (Linux)","SEGA, Feral Interactive (Mac), Feral Interactive (Linux)",Very Positive,"-83,365","67,315"
Total War: WARHAMMER,"Addictive turn-based empire-building with colossal, real-time battles, all set in a world of legendary heroes, giant monsters, flying creatures and storms of magical power.","24 May, 2016","CREATIVE ASSEMBLY, Feral Interactive (Linux), Feral Interactive (Mac)","SEGA, Feral Interactive (Linux), Feral Interactive (Mac)",Mostly Positive,"-31,165","27,852"
Total War: WARHAMMER III - Shadows of Change,,"31 Aug, 2023","CREATIVE ASSEMBLY, Feral Interactive","SEGA, Feral Interactive",Mostly Negative,"-3,349","2,391"
Total War: THREE KINGDOMS,"Total War: THREE KINGDOMS is the first in the award-winning series to recreate epic conflict across ancient China. Combining a gripping turn-based campaign of empire-building & conquest with stunning real-time battles, THREE KINGDOMS redefines the series in an age of heroes & legends.","23 May, 2019","CREATIVE ASSEMBLY, Feral Interactive (Mac), Feral Interactive (Linux)","SEGA, Feral Interactive (Mac), Feral Interactive (Linux)",Very Positive,"-57,730","21,185"
Total War: PHARAOH,"In Total War: PHARAOH, the newest entry in the award-winning grand strategy series, immerse yourself in ancient Egypt at the zenith of its power and experience the dramatic events that threaten its destruction.","11 Oct, 2023",CREATIVE ASSEMBLY,SEGA,Mixed,"-3,189","2,823"
Inscryption,"Inscryption is an inky black card-based odyssey that blends the deckbuilding roguelike, escape-room style puzzles, and psychological horror into a blood-laced smoothie. Darker still are the secrets inscrybed upon the cards...","19 Oct, 2021",Daniel Mullins Games,Devolver Digital,Overwhelmingly Positive,"-109,837","71,293"
Two Point Hospital,"Design stunning hospitals, cure peculiar illnesses and manage troublesome staff as you spread your budding healthcare organisation across Two Point County.","29 Aug, 2018",Two Point Studios,SEGA,Very Positive,"-24,391","15,451"
Company of Heroes 3,"Company of Heroes 3 combines heart-pounding combat with deeper strategic choices in a stunning Mediterranean theatre of war. In Company of Heroes 3, every battle tells a story...whats yours?","23 Feb, 2023",Relic Entertainment,SEGA,Mixed,"-15,774","14,395"
Total War: ROME II - Emperor Edition,"Emperor Edition is the definitive edition of ROME II, featuring an improved politics system, overhauled building chains, rebalanced battles and improved visuals in both campaign and battleEmperor Edition contains all free feature updates since its release in 2013, which includes bug fixes, balancing, Twitch.","2 Sep, 2013",CREATIVE ASSEMBLY,SEGA,Very Positive,"-47,817","42,813"
Bloons TD 6,The Bloons are back and better than ever! Get ready for a massive 3D tower defense game designed to give you hours and hours of the best strategy gaming available.,"17 Dec, 2018",Ninja Kiwi,Ninja Kiwi,Overwhelmingly Positive,"-289,266","217,745"
Manor Lords,"Manor Lords is a medieval strategy game featuring in-depth city building, large-scale tactical battles, and complex economic and social simulations. Rule your lands as a medieval lord ‚Äì the seasons pass, the weather changes, and cities rise and fall.","26 Apr, 2024",Slavic Magic,Hooded Horse,Very Positive,"-47,473","27,736"
Transport Fever 2,"The classic transport simulation genre has a new gold standard with Transport Fever 2. Discover a whole new world by navigating transport routes through land, water and air. May progress and prosperity find their way!","11 Dec, 2019",Urban Games,Good Shepherd Entertainment,Very Positive,"-20,152","9,456"
"Warhammer 40,000: Rogue Trader","Made in a close partnership with Games Workshop, Warhammer 40,000: Rogue Trader is a story-rich classical RPG from Owlcat Games, developers of the critically acclaimed game, Pathfinder: Wrath of the Righteous.","7 Dec, 2023",Owlcat Games,Owlcat Games,Mostly Positive,"-13,539","11,349"
Stolen Realm,"Stolen Realm is a simultaneous turn-based tactical dungeon crawling looter with action RPG elements where you control up to 6 heroes, solo or through online co-op, venturing forth in adventures set in a high-fantasy, low-poly world.","8 Mar, 2024",Burst2Flame Entertainment,Burst2Flame Entertainment,Very Positive,"-2,386","2,008"
Sins of a Solar Empire II,"Battle for galactic dominance in this real-time 4X strategy game with unrivaled scale! You‚Äôll explore, expand, exploit, and exterminate through military force, diplomacy, trade, culture, influence, and other underhanded tactics.","15 Aug, 2024","Ironclad Games Corporation, Stardock Entertainment",Stardock Entertainment,Very Positive,"-3,953","3,365"
Summoners War,"A global hit RPG that captured the Summoners all around the world! Jump into the Sky Arena, a world under battle over the vital resource: Mana Crystals. Design your own deck and strategy using over 1,500 Monsters to claim victory. Go on an epic adventure with your Monsters!","7 Jan, 2024",Com2uS,Com2uS,Mostly Positive,"-6,355","2,395"
Frostpunk,"Frostpunk is the first society survival game. As the ruler of the last city on Earth, it is your duty to manage both its citizens and infrastructure. What decisions will you make to ensure your societys survival? What will you do when pushed to breaking point? Who will you become in the process?","24 Apr, 2018",11 bit studios,11 bit studios,Very Positive,"-93,041","40,384"
Age of Empires IV: Anniversary Edition,"Celebrating its first year of delighting millions of global players, the award-winning and best-selling strategy franchise continues with Age of Empires IV: Anniversary Edition, putting you at the center of even more epic historical battles that shaped the world.","28 Oct, 2021","Relic Entertainment, Forgotten Empires, Climax Studios, Worlds Edge]",Xbox Game Studios,Very Positive,"-53,466","27,543"
Europa Universalis IV,"Europa Universalis IV gives you control of a nation through four dramatic centuries. Rule your land and dominate the world with unparalleled freedom, depth and historical accuracy. Write a new history of the world and build an empire for the ages.","13 Aug, 2013","Paradox Development Studio, Paradox Tinto",Paradox Interactive,Very Positive,"-86,744","64,805"
Balatro,"The poker roguelike. Balatro is a hypnotically satisfying deckbuilder where you play illegal poker hands, discover game-changing jokers, and trigger adrenaline-pumping, outrageous combos.","20 Feb, 2024",LocalThunk,Playstack,Overwhelmingly Positive,"-42,900","32,160"
Age of Empires II: Definitive Edition,"Age of Empires II: Definitive Edition features ‚ÄúThe Last Khans‚Äù with 3 new campaigns and 4 new Civilizations. Frequent updates include events, additional content, new game modes, and enhanced features with the recent addition of Co-Op mode!","14 Nov, 2019","Forgotten Empires, Tantalus Media, Wicked Witch, Worlds Edge]",Xbox Game Studios,Very Positive,"-131,277","57,295"
MARVEL SNAP,"MARVEL SNAP is a fast-paced Collectible Card Game that reimagines the genre with innovative mechanics. Winner of multiple awards like Best Strategy Game and Breakthrough Game of the Year, we invite you to join millions of players worldwide ‚Äì Jump right in!","22 Aug, 2023","Second Dinner Studios, Inc.",Nuverse,Very Positive,"-27,412","15,130"
Tactical Breach Wizards,"In Tactical Breach Wizards, you lead a team of renegade wizards in kevlar through turn-based battles to unravel a modern conspiracy plot. Combine their unique spells in clever ways, or rewind time to try every crazy plan you can think of to punch a Traffic Warlock through a 4th story window.","22 Aug, 2024",Suspicious Developments Inc,Suspicious Developments,Overwhelmingly Positive,"-4,950","4,766"
Total War: MEDIEVAL II ‚Äì Definitive Edition,"Spanning the most turbulent era in Western history, your quest for territory and power takes you through Europe, Africa, the Middle East, and even onto the shores of the New World.","15 Nov, 2006","CREATIVE ASSEMBLY, Feral Interactive (Mac), Feral Interactive (Linux)","SEGA, Feral Interactive (Mac), Feral Interactive (Linux)",Overwhelmingly Positive,"-23,553","19,019"
Sid Meiers Civilization¬Æ V,"Create, discover, and download new player-created maps, scenarios, interfaces, and more!","23 Sep, 2010","Firaxis Games, Aspyr (Mac), Aspyr (Linux)","2K, Aspyr (Mac), Aspyr (Linux)",Overwhelmingly Positive,"-121,085","122,805"
Plants vs. Zombies GOTY Edition,"Zombies are invading your home, and the only defense is your arsenal of plants! Armed with an alien nursery-worth of zombie-zapping plants like peashooters and cherry bombs, youll need to think fast and plant faster to stop dozens of types of zombies dead in their tracks.","5 May, 2009","PopCap Games, Inc.","PopCap Games, Inc., Electronic Arts",Overwhelmingly Positive,"-120,413","38,015"
Age of Empires II (Retired),"Age of Empires II has been re-imagined in high definition. With the release of Age of Empires II: Definitive Edition, this product will not be updated further.","9 Apr, 2013","Skybox Labs, Hidden Path Entertainment, Ensemble Studios, Forgotten Empires",Xbox Game Studios,Overwhelmingly Positive,"-82,338","43,872"
Ultimate General: Civil War,Ultimate General: Civil War is a tactical real time strategy war-game. Experience the bloodiest period of U.S. history - the American Civil War of 1861-1865.,"14 Jul, 2017",Game-Labs,Game-Labs,Very Positive,"-7,428","5,197"
Dune: Imperium,The award-winning board game of strategy and intrigue in the iconic universe of Dune. The Spice must flow.,"13 Mar, 2024",Dire Wolf,Dire Wolf,Overwhelmingly Positive,"-2,104","1,470"
STAR WARS‚Ñ¢ Empire at War - Gold Pack,"Command or corrupt an entire galaxy in the definitive Star Wars strategy collection. It is a time of galactic civil war. Will you take up the reins of the Rebellion, assume control of the Empire, or rule the Star Wars Underworld?","16 Feb, 2006",Petroglyph,"LucasArts, Lucasfilm, Disney",Overwhelmingly Positive,"-31,032","26,262"
For The King,For The King is a strategic RPG that blends tabletop and roguelike elements in a challenging adventure that spans the realms. Set off on a single player experience or play cooperatively both online and locally.,"19 Apr, 2018",IronOak Games,Curve Games,Very Positive,"-28,178","15,530"
Armello,"Armello is a grim fairy-tale board game come to life, with every match combining deep, tactical card play, rich tabletop strategy and RPG elements. Leverage subterfuge, spells and careful strategy to wrangle control of the games chaotic odds as you quest for the throne.","1 Sep, 2015",League of Geeks,League of Geeks,Very Positive,"-10,674","8,135"
Stacklands,"Stacklands is a village builder where you stack cards to collect food, build structures, and fight creatures. üÉè For example, dragging a Villager card on top of a Berry Bush card will spawn Berry cards which the villagers can eat to survive. üÉè Play your cards right and expand your village!","8 Apr, 2022",Sokpop Collective,Sokpop Collective,Overwhelmingly Positive,"-23,502","9,858"
ENDLESS‚Ñ¢ Legend,ENDLESS‚Ñ¢ Legend is a 4X turn-based fantasy strategy game by the creators of ENDLESS‚Ñ¢ Space and Dungeon of the ENDLESS‚Ñ¢. Control every aspect of your civilization as you struggle to save your homeworld Auriga. Create your own Legend!,"18 Sep, 2014",AMPLITUDE Studios,SEGA,Very Positive,"-13,919","11,363"
Dorfromantik,"Dorfromantik is a peaceful building strategy and puzzle game where you create a beautiful and ever-growing village landscape by placing tiles.¬†Explore a variety of colorful biomes, discover and unlock new tiles and complete quests to fill your world with life!","28 Apr, 2022",Toukana Interactive,Toukana Interactive,Overwhelmingly Positive,"-24,428","15,082"
"Warhammer 40,000: Gladius - Relics of War","Warhammer 40,000: Gladius ‚Äì Relics of War brings you to a world of terror and violence. Four factions will engage in a brutal war for dominance over the planet‚Äôs resources. In the first turn-based 4X strategy game set in Warhammer 40,000 you will lead one of four unique factions.","12 Jul, 2018",Proxy Studios,Slitherine Ltd.,Very Positive,"-6,858","7,460"
Northgard,"Northgard is a critically acclaimed strategy game based on Norse mythology. Lead your clan, uncover the secrets of a mysterious newfound continent and defeat your enemies to conquer the Throne!","7 Mar, 2018",Shiro Games,Shiro Games,Very Positive,"-47,115","26,078"
Age of Wonders 4,Rule a fantasy realm of your own design! Explore new magical realms in Age of Wonders‚Äô signature blend of 4X strategy and turn-based tactical combat. Control a faction that grows and changes as you expand your empire with each turn!,"2 May, 2023",Triumph Studios,Paradox Interactive,Very Positive,"-11,171","8,994"
Scythe: Digital Edition,"Scythe transports you to an alternate reality in 1920s Europa, one ravaged by the First World War. Take up the role of leader by assuming command of one of 5 factions, and set out to conquer the coveted Factory. Lead your mechs to war and your people to victory!","5 Sep, 2018",The Knights of Unity,The Knights of Unity,Very Positive,"-2,900","2,467"
The Crew Motorfest,"The Crew Motorfest is an open world online racing game set on the island of O‚Äòahu, Hawaii. Experience the best that car culture has to offer as you compete in intense races, experience themed events, and collect hundreds of iconic cars. Enjoy the game free for five hours!","18 Apr, 2024",Ubisoft Ivory Tower,Ubisoft,Mixed,"-2,485","1,166"
Need for Speed‚Ñ¢ Heat,"Hustle by day and risk it all at night in Need for Speed‚Ñ¢ Heat Deluxe Edition, a white-knuckle street racer, where the lines of the law fade as the sun starts to set.","8 Nov, 2019",Ghost Games,Electronic Arts,Very Positive,"-96,628","48,388"
Need for Speed‚Ñ¢ Unbound,"Race to the top, definitely don‚Äôt flop. Outsmart the cops, and enter weekly qualifiers for The Grand: the ultimate street race. Pack your garage with precision-tuned, custom rides, and light up the streets with your style.","1 Dec, 2022",Criterion Games,Electronic Arts,Mixed,"-30,337","16,963"
iRacing,"We are the world‚Äôs premier motorsports racing game. An iRacing membership provides entry into the newest form of motorsport: internet racing. Internet racing is a fun, easy, and inexpensive way for race fan and gamers alike to enjoy the thrill of the racetrack from the comfort of their home.","12 Jan, 2015","iRacing.com Motorsport Simulations, iRacing","iRacing.com Motorsport Simulations, iRacing",Very Positive,"-2,707","2,606"
WWE 2K24,"Experience a gripping retelling of WrestleMania‚Äôs greatest moments in 2K Showcase of the Immortals in WWE 2K24, where you can relive a collection of some of the most unforgettable, career-defining matches.","8 Mar, 2024",Visual Concepts,2K,Mostly Positive,"-3,531","3,301"
F1¬Æ 24,"Join the grid and Be One of the 20. Drive like the Greatest in EA SPORTS‚Ñ¢ F1¬Æ 24, the official video game of the 2024 FIA Formula One World Championship‚Ñ¢.","31 May, 2024",Codemasters,Electronic Arts,Mixed,"-4,246","2,283"
Fishing Planet,Fishing Planet¬Æ is a free-to-play and highly realistic first-person online multiplayer fishing simulator. Developed by avid fishing enthusiasts to bring you the full thrill of actual angling on your PC.,"11 Aug, 2015",Fishing Planet LLC,Fishing Planet LLC,Very Positive,"-59,354","21,924"
Golf With Your Friends,"Why have friends if not to play Golf... With Your Friends! Nothing is out of bounds as you take on courses filled with fast paced, exciting, simultaneous mini golf for up to 12 players!","19 May, 2020","Blacklight Interactive, Team17",Team17,Very Positive,"-42,674","47,588"
EA SPORTS‚Ñ¢ WRC,"Build the car of your dreams in our biggest rally game ever, EA SPORTS‚Ñ¢ WRC, the official videogame of the FIA World Rally Championship, the first developed by the award-winning team behind the DiRT Rally series.","2 Nov, 2023",Codemasters,Electronic Arts,Mixed,"-6,814","4,116"
Tony Hawks‚Ñ¢ Pro Skater‚Ñ¢ 1 + 2,"Play the fully-remastered Tony Hawk‚Äôs‚Ñ¢ Pro Skater‚Ñ¢ & Tony Hawk‚Äôs‚Ñ¢ Pro Skater‚Ñ¢ 2 games in one epic collection, rebuilt from the ground up in incredible HD.","3 Oct, 2023","Vicarious Visions, Iron Galaxy Studios",Activision,Very Positive,"-3,253","2,366"
Season 1 MyCAREER Bonus Offer,,"4 Sep, 2024",Visual Concepts,2K,Very Negative,(11% of 463)¬†All Time,166
Russian Fishing 4,"Russian Fishing 4 is a fishing simulator with RPG elements. There is no story line and the whole process is based on the concept of an open, free to roam and free to play game.","10 Nov, 2021",FishSoft LLC,FishSoft LLC,Mixed,"-66,369","5,664"
Football Manager 2024,Build a world-class team ready to dominate your rivals in football‚Äôs most prestigious competitions. Progress never stops when you‚Äôre pursuing footballing greatness.,"6 Nov, 2023",Sports Interactive,SEGA,Very Positive,"-9,784","6,881"
NBA 2K25 Hall of Fame Pass: Season 1,,"3 Sep, 2024",Visual Concepts,2K,7 user reviews,()¬†All Time,2
F1¬Æ Manager 2024,"Lead your team to glory in F1¬Æ Manager 2024. A new Formula 1¬Æ season has arrived, and with it, the most comprehensive F1¬Æ management experience to date. Build a legacy with one of 10 official F1¬Æ constructors or create your own team for the very first time.","23 Jul, 2024",Frontier Developments,Frontier Developments,Mixed,"-1,732","1,129"
Rooftops & Alleys: The Parkour Game,"Ever felt like the world was missing that one Parkour/Freerunning game? That game that scratches that itch that other games just dont? Rooftops & Alleys aka TheParkourGame is here to deliver! In this game, theres is no hold button to parkour mentality. Here, you, the player is in control!","21 May, 2024",MLMEDIA,MLMEDIA,Overwhelmingly Positive,"-3,498","2,690"
Liftoff¬Æ: FPV Drone Racing,Liftoff¬Æ is a drone simulator that translates the rush of first-person view drone flight to the digital world. Join the biggest community for virtual FPV racing and freestyle!,"13 Sep, 2018",LuGus Studios,LuGus Studios,Very Positive,"-9,182","5,008"
EA SPORTS FC‚Ñ¢ 24,"EA SPORTS FC‚Ñ¢ 24 welcomes you to The World‚Äôs Game: the most true-to-football experience ever with HyperMotionV, PlayStyles optimised by Opta, and an enhanced Frostbite‚Ñ¢ Engine.","28 Sep, 2023",EA Canada & EA Romania,Electronic Arts,Mixed,"-85,952","33,783"
Undisputed,"Become Undisputed in the most authentic boxing game to date! Featuring true to life visuals, bone-jarring action, and more licensed boxers than ever before, Undisputed gives you unprecedented control to master every inch of the ring.","31 Jan, 2023",Steel City Interactive,Deep Silver,Mostly Positive,"-13,370","11,018"
Need for Speed‚Ñ¢ Payback,"Set in the underworld of Fortune Valley, you and your crew were divided by betrayal and reunited by revenge to take down The House, a nefarious cartel that rules the city‚Äôs casinos, criminals and cops. In this corrupt gambler‚Äôs paradise, the stakes are high and The House always wins.","6 Nov, 2017",Ghost Games,Electronic Arts,Very Positive,"-22,313","7,397"
PGA TOUR 2K23,"Hit the links with more swagger in PGA TOUR 2K23. Now featuring playable male and female pros, including Tiger Woods, new licensed courses, more control options, an authentic PGA TOUR MyCAREER, Course Designer, and new MyPLAYER Skills and Archetypes! PGA TOUR 2K23. More Golf. More Game.","13 Oct, 2022",HB Studios,2K,Mostly Positive,"-4,182","4,773"
DiRT Rally 2.0,"DiRT Rally 2.0 dares you to carve your way through a selection of iconic rally locations from across the globe, in the most powerful off-road vehicles ever made, knowing that the smallest mistake could end your stage.","25 Feb, 2019",Codemasters,"Codemasters, Electronic Arts",Very Positive,"-31,468","19,445"
Assetto Corsa Competizione - 24H N√ºrburgring Pack,,"1 Apr, 2024",Kunos Simulazioni,Kunos Simulazioni,Very Positive,(96% of 362)¬†All Time,205
Automobilista 2,"Automobilista 2 once again puts you in the driving seat of an advanced and diverse racing simulator - now with incredible graphical quality, high-profile cars and tracks, advanced dynamic track condition system and VR support.","31 Mar, 2020",Reiza Studios,Reiza Studios,Very Positive,"-6,629","4,543"
NBA 2K24,Experience hoops culture in NBA 2K24. Enjoy loads of action and limitless personalized MyPLAYER options in MyCAREER. Build your perfect lineup in MyTEAM. Feel more responsive gameplay and polished visuals while playing with your favorite NBA and WNBA teams in PLAY NOW.,"7 Sep, 2023",Visual Concepts,2K,Mostly Negative,"-31,089","13,870"
Steep‚Ñ¢,"Ride a massive open world across the Alps, where the powder is always fresh and the run never ends. Defy and master the mountain alone or with friends on skis, wingsuits, snowboards and paragliders. Record and share your best stunts.","2 Dec, 2016","Ubisoft Annecy, Ubisoft Montpellier, Ubisoft Kiev",Ubisoft,Very Positive,"-25,749","10,661"
Riders Republic,"Jump into a massive multiplayer playground! Bike, ski, snowboard, or wingsuit across an open world sports paradise.","8 Jun, 2023","Ubisoft Annecy, Ubisoft Belgrade, Ubisoft Kyiv, Ubisoft Pune, Ubisoft Odesa",Ubisoft Entertainment,Very Positive,"-14,718","3,985"
Season 1 MyTEAM Bonus Offer,,"4 Sep, 2024",Visual Concepts,2K,Very Negative,(9% of 111)¬†All Time,41
All-In-One Sports VR,13 Sports in 1 Game ! What type of sports acitivities will be safer during the pandemic era? All in One sports VR offers the most safe way to keep you healthy for both physically and mentally with zero contact.,"7 Apr, 2023",Appnori Inc.,Appnori Inc.,Very Positive,(84% of 624)¬†All Time,333
Downhill Pro Racer,"The first simulator of the real Downhill mountain biking sport. Race against the clock in realistic DH tracks. You have full control over your bikes reactions. Jump, gap over obstacles and navigate through technical terrain while avoiding crashes. The race is on!","23 Jun, 2023",Germ√°n de la Fuente,Germ√°n de la Fuente,Positive,(89% of 19)¬†All Time,15
MX vs ATV Legends,"Race your way to victory on bikes, ATVs and UTVs in MX vs ATV Legends! Featuring massive new open environments, plus a career mode that lets you experience all the risks and rewards of becoming a world-famous professional rider. Become an off-road racing legend in your own right! Your time is now!","28 Jun, 2022",Rainbow Studios,THQ Nordic,Mostly Positive,"-1,650","1,623"
All In One Sports - Hockey DLC,,"10 Sep, 2024",Appnori Inc.,Appnori Inc.,1 user reviews,()¬†All Time,0
Slime Volley,"üèê Step into the bouncy and exciting arcade game of Slime Volley! This isnt your typical volleyball game ‚Äì its an arcade sensation that takes the classic sport and gives it a bouncy, slimy twist. Prepare for a thrilling multiplayer showdown as you leap onto the court for some fast-paced action.","8 Sep, 2023",Manarock,Manarock,6 user reviews,()¬†All Time,2
All In One Sports - Soccer DLC,,"10 Sep, 2024",Appnori Inc.,Appnori Inc.,4 user reviews,()¬†All Time,4
Descenders,"Descenders is extreme downhill freeriding for the modern era, with procedurally generated worlds, and where mistakes have real consequences. Will you lead your team to glory and become the next legendary Descender?","7 May, 2019",RageSquid,No More Robots,Overwhelmingly Positive,"-14,146","9,660"
RIDE 5,Rev up your engine and get ready to hit the track with RIDE 5. An adrenaline-filled gaming experience that is so authentic it will make you feel like youre truly racing at break-neck speed.,"24 Aug, 2023",Milestone S.r.l.,Milestone S.r.l.,Mostly Positive,"-1,063",608
Golf It!,"Embark on an exciting journey with Golf It! Seize your putter, rally your friends, and immerse yourself in an epic minigolf adventure. Conquer countless courses, create lasting memories, and refine your skills to emerge as the ultimate minigolf champion. Your thrilling golfing odyssey begins here!","18 Aug, 2023",Perfuse Entertainment,Perfuse Entertainment,Very Positive,"-22,129","13,822"
Motordoom,"Mot√∂rdoom is a freestyle-sports roguelite horde shooter that combines high octane, visceral combat with fluid movement and trick mechanics. Perform gnarly tricks while defeating grotesque monsters and upgrade your character with demonic offerings to become ever more powerful.","2 Aug, 2024",Hobo Cat Games,Hobo Cat Games,Very Positive,(97% of 108)¬†All Time,104
Sledders,"Rev up your sled & dive into fresh powder in Sledders! Realistic, physics-based snowmobile simulator in backcountries full of deep snow. Ride with and against your friends in online multiplayer. Can you reach the peak before others? Show off your sled-skills now on Sledders.","5 Dec, 2023",Hanki Games,Bonus Stage Publishing,Overwhelmingly Positive,"-1,711","1,299"
The Ramp,"A digital toy for skateboard loving people. Pure flow, no extra fluff.","3 Aug, 2021",Paul Schnepf,hyperparadise,Overwhelmingly Positive,"(95% of 1,058)¬†All Time","1,000"
Monster Energy Supercross - The Official Videogame,Live the adrenaline and the excitement of the 2017 Monster Energy Supercross Championship with MONSTER ENERGY SUPERCROSS - THE OFFICIAL VIDEOGAME!,"13 Feb, 2018",Milestone S.r.l.,Milestone S.r.l.,Very Positive,(83% of 702)¬†All Time,539
Skater XL - The Ultimate Skateboarding Game,"Experience unparalleled board control and responsiveness while you skate iconic real-world skate spots. This is the evolution of skateboarding gameplay. With Independent Foot Control and unique physics-based gameplay, skate gamers finally have the expressive controls they have always dreamed of.","28 Jul, 2020",Easy Day Studios Pty Ltd,Easy Day Studios Pty Ltd,Very Positive,"-18,108","13,304"
TrackDayR,"The most complete motorcycle simulator that allows you to ride every type of motorbikes including ATVs, 3 Wheelers prototype and Sidecars. Challenge your online friends on TrackDayR and climb the leaderboards of players all over the world. TrackDayR, Trackday Everyday!","17 Mar, 2021",MadCow S.r.l.,MadCow S.r.l.,Very Positive,-649,319
69 Balls,"A Third-Person shooting game but you are not a person. You are a BALL! Imagine a pool ball, a shotgun and football mechanics mashed together! You said you cant? Neither do I! Just shoot everything you see and pray if the black ball goes in!","16 Jun, 2023","Matthew Choi, Plum Point 2",GKStudio,Very Positive,(91% of 143)¬†All Time,120
MX vs. ATV Reflex,Think fast and hang on to your ride as you take independent control of the rider and take the ultimate test of mettle. Dual controls let you tear it up with death-defying tricks and high-flying freestyle action. Fight for traction and dig up the track to leave your mark.,"26 Nov, 2010","Rainbow Studios, THQ Nordic",THQ Nordic,Very Positive,"(87% of 2,597)¬†All Time","2,118"
MXGP 2021 - The Official Motocross Videogame,"All the power of Motocross in your hands: the new MXGP 2021 is finally here! The official MXGP videogame is ready to show you what its made of: warm up your engines and get ready for the most realistic, exciting two-wheeled experience ever!","30 Nov, 2021",Milestone S.r.l.,Milestone S.r.l.,Very Positive,-757,362
Session: Skate Sim,"Made by and for skaters, the dual stick controls faithfully reproduce your feet on the skateboard for an ultra-realistic experience. Try out real-life iconic skate spots, customise your skater and equipment with items from the top brands","22 Sep, 2022",crea-ture Studios Inc.,Nacon,Very Positive,"-11,505","9,446"
MXGP3 - The Official Motocross Videogame,Experience all the adrenaline of Motocross with the official Championship‚Äôs only videogame!,"29 May, 2017",Milestone S.r.l.,Milestone S.r.l.,Very Positive,(86% of 838)¬†All Time,519
MXGP - The Official Motocross Videogame,"The only official MXGP videogame: all the riders and bikes from MX1 and MX2! Race on 1:1 scale official championship tracks. Career mode takes you from Debut Season to MX1. The game physics and dual stick control allow for separate control of bike and rider: unprecedented realism, in your hands.","28 Mar, 2014",Milestone S.r.l.,"Plug In Digital, Milestone S.r.l.",Very Positive,"(81% of 1,208)¬†All Time",630
Walkabout Mini Golf VR,"Escape into a fun and beautiful world filled with the best mini golf courses you‚Äôve ever seen! Play by yourself, meet someone new, or challenge your friends in a private game with up to 8 people. Extremely realistic physics create the perfect experience for hardcore golfers and casual players alike.","15 Jul, 2021",Mighty Coconut,Mighty Coconut,Overwhelmingly Positive,"-2,656","2,555"
MX vs ATV All Out,"All Terrain, All Vehicles, All You! MX vs ATV All Out is the complete off-road racing and lifestyle experience! Find your Rider Style at your private compound, Free Ride across massive environments, and compete in the best series events!","27 Mar, 2018",Rainbow Studios,THQ Nordic,Very Positive,"(81% of 1,212)¬†All Time","1,175"
Driftwood,"A game about high-speed downhill longboarding and a sloth named Eddy. Carve up the mountainside as you drift through the beautiful landscape, and find the perfect balance of speed and control.","1 Jun, 2023",Stoked Sloth Interactive,Stoked Sloth Interactive,Overwhelmingly Positive,-753,672
RIDE 4,"Are you ready to live the best gaming experience that a motorcycle fan can get? RIDE 4 will spark your competitive soul with hundreds of bikes, dozens of tracks and a whole new level of realism.","8 Oct, 2020",Milestone S.r.l.,Milestone S.r.l.,Very Positive,"-8,719","3,041"
Gym Simulator 24,"Gym Simulator 24: Build Your Fitness Empire! Embark on a journey to create your dream fitness haven in Gym Simulator 24, the ultimate simulation game where youll ascend the ranks and craft your very own fitness empire.","19 Jul, 2024",Quatech,Red Axe Games,Very Positive,"-1,778",348
Wrestling Empire,The lightweight champion of wrestling comes full circle with higher resolution visuals and a smoother frame rate - whilst still retaining the retro style that puts the fun first! Now featuring whole other booking & roaming modes at no extra cost for the biggest Triple Threat in wrestling.,"2 Jul, 2021",MDickie,MDickie,Overwhelmingly Positive,"-2,172","1,946"
RIDE 3,"Experience the most complete racing ever with RIDE 3! Race on different tracks all over the world, put your favourite vehicles speed to the test and have fun by customising them with the new Livery Editor.","30 Nov, 2018",Milestone S.r.l.,Milestone S.r.l.,Very Positive,"-4,306","1,518"
Golf Gang,Golf Gang is a racing game. It‚Äôs a party game. It‚Äôs the fastest game of minigolf youll ever play! Blend precision with speed to dominate in 8-player online mayhem or your solo speed runs.,"19 May, 2022",Lazy Monday Games,Curve Games,Very Positive,(85% of 692)¬†All Time,622
Lonely Mountains: Downhill,"Just you and your bike - take it on a thrilling ride down an unspoiled mountain landscape. Make your way through thick forests, narrow trails and wild rivers. Race, jump, slide and try not to crash - all the way from the peak to the valley!","23 Oct, 2019",Megagon Industries,Megagon Industries,Very Positive,"-2,235","1,446"
GP Bikes,"GP Bikes is a realistic motorcycle simulator, based on a scratch built physics engine that accurately simulates motorcycle dynamics and setup options.","17 Dec, 2021",PiBoSo,PiBoSo,Very Positive,(92% of 297)¬†All Time,240
Golf Peaks,"A relaxing puzzle game where you climb mountains by playing golf. Pick the right cards, avoid hazards and conquer over 120 summits!","13 Nov, 2018",Afterburn,Afterburn,Overwhelmingly Positive,-658,354
PIPE by BMX Streets,"PIPE is a physics based BMX experience built for the BMX community designed to simulate realistic BMX motion. Perform over 50 aerial stunts, grind any corner, send big airs in the PIPE! PIPE also includes some fun Easter Eggs for those willing to explore and think outside the box.","15 Mar, 2018",Mash Games,Mash Games,Very Positive,"-5,350","2,337"
MXGP PRO,"Adjust your bikes configuration like a mechanic and win a race with the new Pro Physics. Practice in the Compound, a vast area where you can freely explore or compete against the AI. All the official tracks and riders from the 2017 season await you!","29 Jun, 2018",Milestone S.r.l.,Milestone S.r.l.,Very Positive,-777,433
MXGP 2019 - The Official Motocross Videogame,"Experience the excitement of the 2019 season for the first time in the series! Race in official MX teams, share your gaming experience with the community thanks to the Track Editor and the Waypoint mode and practice in the Playground to learn to ride like a real pro!","27 Aug, 2019",Milestone S.r.l.,Milestone S.r.l.,Very Positive,(90% of 858)¬†All Time,446
Ride 2,The fastest and most iconic bikes in the worlds biggest digital garage!,"7 Oct, 2016",Milestone S.r.l.,Milestone S.r.l.,Very Positive,"(86% of 2,335)¬†All Time","1,045"
Tanuki Sunset,"Master the longboard as you drift through stunning mountain ranges, swerve through bustling city streets, and along the sandy beaches of Sunset Island. Train to perform epic tricks, from jumping off-ramp to longboarding backwards. Grab Your Longboard and Race to the Top in Tanuki Sunset!","4 Dec, 2020",Rewind Games,Rewind Games,Very Positive,(93% of 420)¬†All Time,451
Grand Mountain Adventure: Wonderlands,"Grand Mountain Adventure: Wonderlands lets you explore freely and at your pace entire ski resorts and the surrounding mountains. Unlock ski lifts and reach new areas by competing in challenges, or enjoy the scenery while you find your own path down the mountains. Fancy having fun with your friends? Go on and play in local multiplayer up to 4 players. The choice is yours!","10 Mar, 2022",Toppluva AB,Microids,Very Positive,(94% of 196)¬†All Time,246